{
	"IcoMoonType": "selection",
	"icons": [
		{
			"icon": {
				"paths": [
					"M512.008 12.642c-282.738 0-512.008 229.218-512.008 511.998 0 226.214 146.704 418.132 350.136 485.836 25.586 4.738 34.992-11.11 34.992-24.632 0-12.204-0.48-52.542-0.696-95.324-142.448 30.976-172.504-60.41-172.504-60.41-23.282-59.176-56.848-74.916-56.848-74.916-46.452-31.778 3.51-31.124 3.51-31.124 51.4 3.61 78.476 52.766 78.476 52.766 45.672 78.27 119.776 55.64 149.004 42.558 4.588-33.086 17.852-55.68 32.506-68.464-113.73-12.942-233.276-56.85-233.276-253.032 0-55.898 20.004-101.574 52.76-137.428-5.316-12.9-22.854-64.972 4.952-135.5 0 0 43.006-13.752 140.84 52.49 40.836-11.348 84.636-17.036 128.154-17.234 43.502 0.198 87.336 5.886 128.256 17.234 97.734-66.244 140.656-52.49 140.656-52.49 27.872 70.528 10.35 122.6 5.036 135.5 32.82 35.856 52.694 81.532 52.694 137.428 0 196.654-119.778 239.95-233.79 252.624 18.364 15.89 34.724 47.046 34.724 94.812 0 68.508-0.596 123.644-0.596 140.508 0 13.628 9.222 29.594 35.172 24.566 203.322-67.776 349.842-259.626 349.842-485.768 0-282.78-229.234-511.998-511.992-511.998z"
				],
				"attrs": [
					{
						"fill": "rgb(68, 68, 68)"
					}
				],
				"isMulticolor": false,
				"tags": [
					"github",
					"brand",
					"octacat",
					"social"
				],
				"grid": 16,
				"colorPermutations": {
					"6868681": [
						0
					]
				}
			},
			"attrs": [
				{
					"fill": "rgb(68, 68, 68)"
				}
			],
			"properties": {
				"order": 1,
				"id": 1,
				"prevSize": 16,
				"code": 58881,
				"name": "github"
			},
			"setIdx": 0,
			"iconIdx": 0
		},
		{
			"icon": {
				"paths": [
					"M917.806 229.076c-22.208-30.292-53.174-65.7-87.178-99.704s-69.412-64.964-99.704-87.178c-51.574-37.82-76.592-42.194-90.924-42.194h-496c-44.112 0-80 35.888-80 80v864c0 44.112 35.884 80 80 80h736c44.112 0 80-35.888 80-80v-624c0-14.332-4.372-39.35-42.194-90.924v0 0zM785.374 174.626c30.7 30.7 54.8 58.398 72.58 81.374h-153.954v-153.946c22.98 17.78 50.678 41.878 81.374 72.572v0 0zM896 944c0 8.672-7.328 16-16 16h-736c-8.672 0-16-7.328-16-16v-864c0-8.672 7.328-16 16-16 0 0 495.956-0.002 496 0v224c0 17.672 14.322 32 32 32h224v624z",
					"M256 64h128v64h-128v-64z",
					"M384 128h128v64h-128v-64z",
					"M256 192h128v64h-128v-64z",
					"M384 256h128v64h-128v-64z",
					"M256 320h128v64h-128v-64z",
					"M384 384h128v64h-128v-64z",
					"M256 448h128v64h-128v-64z",
					"M384 512h128v64h-128v-64z",
					"M256 848c0 26.4 21.6 48 48 48h160c26.4 0 48-21.6 48-48v-160c0-26.4-21.6-48-48-48h-80v-64h-128v272zM448 768v64h-128v-64h128z"
				],
				"attrs": [
					{
						"fill": "rgb(68, 68, 68)"
					},
					{
						"fill": "rgb(68, 68, 68)"
					},
					{
						"fill": "rgb(68, 68, 68)"
					},
					{
						"fill": "rgb(68, 68, 68)"
					},
					{
						"fill": "rgb(68, 68, 68)"
					},
					{
						"fill": "rgb(68, 68, 68)"
					},
					{
						"fill": "rgb(68, 68, 68)"
					},
					{
						"fill": "rgb(68, 68, 68)"
					},
					{
						"fill": "rgb(68, 68, 68)"
					},
					{
						"fill": "rgb(68, 68, 68)"
					}
				],
				"isMulticolor": false,
				"tags": [
					"file-zip",
					"file",
					"document",
					"file-compressed",
					"file-type",
					"file-format"
				],
				"grid": 16,
				"colorPermutations": {
					"6868681": [
						0,
						0,
						0,
						0,
						0,
						0,
						0,
						0,
						0,
						0
					]
				}
			},
			"attrs": [
				{
					"fill": "rgb(68, 68, 68)"
				},
				{
					"fill": "rgb(68, 68, 68)"
				},
				{
					"fill": "rgb(68, 68, 68)"
				},
				{
					"fill": "rgb(68, 68, 68)"
				},
				{
					"fill": "rgb(68, 68, 68)"
				},
				{
					"fill": "rgb(68, 68, 68)"
				},
				{
					"fill": "rgb(68, 68, 68)"
				},
				{
					"fill": "rgb(68, 68, 68)"
				},
				{
					"fill": "rgb(68, 68, 68)"
				},
				{
					"fill": "rgb(68, 68, 68)"
				}
			],
			"properties": {
				"order": 1,
				"id": 0,
				"prevSize": 16,
				"code": 58880,
				"name": "file-zip"
			},
			"setIdx": 0,
			"iconIdx": 1
		}
	],
	"height": 1024,
	"metadata": {
		"name": "icomoon"
	},
	"preferences": {
		"showGlyphs": true,
		"showQuickUse": true,
		"showQuickUse2": true,
		"showSVGs": true,
		"fontPref": {
			"prefix": "icon-",
			"metadata": {
				"fontFamily": "icomoon"
			},
			"metrics": {
				"emSize": 1024,
				"baseline": 6.25,
				"whitespace": 50
			},
			"autoHost": true
		},
		"imagePref": {
			"prefix": "icon-",
			"png": true,
			"useClassSelector": true,
			"color": 4473924,
			"bgColor": 16777215
		},
		"historySize": 100,
		"showCodes": true,
		"quickUsageToken": {
			"UntitledProject3": "MDFlZTE0NThjODU2ZWIyNDFkZDk5ZDA2YjI1YjUwZDgjMSMxNDIyODg2MTA3IyMj"
		}
	}
}